date,sales,price,ad_spend,day_of_week,is_weekend,holiday
2023-01-01,54.96714153011233,99.19755905622833,50.97922627548841,6,1,0
2023-01-02,49.54723198394301,100.53448816814777,45.625749640766934,0,0,0
2023-01-03,58.33628826286694,100.19776549641212,53.07510309645606,1,0,0
2023-01-04,68.01853534593812,100.45415896151871,43.034375326713615,2,0,0
2023-01-05,51.37449653688569,98.7989361543107,57.20237721748759,3,0,1
2023-01-06,52.3010681050749,100.48002224792099,54.923378312640686,4,0,1
2023-01-07,71.35924232340702,101.51291624143275,54.33746694516691,5,1,0
2023-01-08,64.16406343242258,103.5049706168667,58.45950379015293,6,1,1
2023-01-09,52.71515749907251,102.60680922510626,62.352644609712556,0,0,0
2023-01-10,63.752929643074964,105.08001158897451,59.56555433476226,1,0,0
2023-01-11,54.60748399390544,99.32410013968028,45.74571669917759,2,0,0
2023-01-12,55.49526227747886,102.68832925070595,48.99531551131348,3,0,0
2023-01-13,63.47931420791035,101.39498352690639,52.69776058872932,4,0,0
2023-01-14,42.82992164966822,105.49221053621692,56.3653532696415,5,1,0
2023-01-15,45.61215018495115,99.57998175072748,59.21952168475357,6,1,0
2023-01-16,58.1323032947879,99.60075176592618,53.381057532294165,0,0,0
2023-01-17,54.51564016486171,100.16464585155943,58.30336698222876,1,0,0
2023-01-18,68.66980062334254,97.19846914906323,53.932617086183186,2,0,0
2023-01-19,57.324749681713534,100.47714909343725,54.97127179942908,3,0,0
2023-01-20,53.15359166532549,100.09233688588505,51.29335874263095,4,0,0
2023-01-21,82.79842164264541,101.99285297212077,53.985977333580486,5,1,1
2023-01-22,66.74283943253394,102.456536386767,52.09613722845043,6,1,0
2023-01-23,70.52761680279728,105.60579687365711,54.20387130128088,0,0,0
2023-01-24,56.4493543219872,103.83418139107918,64.55577138429223,1,0,0
2023-01-25,66.08998959927348,100.85882888237502,54.719992515668345,2,0,0
2023-01-26,73.47221779844688,100.29450966118111,72.78294052262295,3,0,0
2023-01-27,61.67414597723736,103.1532570386008,62.21586862622268,4,0,0
2023-01-28,77.75379239527665,99.60638559079452,60.775570508643106,5,1,0
2023-01-29,68.7945278040894,105.98653339192754,55.63529984007447,6,1,1
2023-01-30,72.67918893269103,104.7585676312415,63.47772212005743,0,0,0
2023-01-31,70.36512443646637,101.5366926237085,57.120321109219624,1,0,0
2023-02-01,95.68163822996314,99.12339396376892,60.604090478737504,2,0,0
2023-02-02,77.79090725912057,105.33126718732586,72.76320089076424,3,0,0
2023-02-03,68.10591269580523,102.46752048199076,59.42450494125239,4,0,0
2023-02-04,87.65550162792049,105.24450707274958,65.56664218796267,5,1,0
2023-02-05,67.95831003554771,99.65146841606705,56.19353604863108,6,1,1
2023-02-06,82.98152241399005,101.7121766926963,59.39758705305135,0,0,0
2023-02-07,62.01156052277724,102.9911498267825,68.26397973180131,1,0,0
2023-02-08,69.03080862410047,103.14347120952985,56.087359839679266,2,0,0
2023-02-09,84.97452491468549,102.21731806633518,68.07193146900883,3,0,0
2023-02-10,91.0724694117406,104.43015901136944,62.31178661927179,4,0,0
2023-02-11,86.07184422415551,101.11527960957854,55.70051053637217,5,1,0
2023-02-12,83.86032999687411,103.03085432116139,61.39187735421417,6,1,0
2023-02-13,82.65255559237579,103.62030948414757,62.787540667644556,0,0,0
2023-02-14,71.51312336052894,104.47169382483389,60.70750141253177,1,0,1
2023-02-15,79.7224736179245,104.92811805520853,49.400639471981485,2,0,0
2023-02-16,82.92478104895213,101.31663196947724,53.24994643430843,3,0,1
2023-02-17,98.70019185225966,100.55765319424565,55.26344775892992,4,0,0
2023-02-18,92.1503765955605,106.2401202237187,55.726852898500496,5,1,0
2023-02-19,71.65632346885127,104.40718176481468,58.78400795506495,6,1,0
2023-02-20,93.08729569521557,102.30225272760978,56.13554988265635,0,0,0
2023-02-21,86.54246485644816,106.95706982501994,48.122652986047356,1,0,0
2023-02-22,84.15790966914832,104.14050668092587,56.239826646205394,2,0,0
2023-02-23,97.56466330404749,106.32097857788311,56.919596155833304,3,0,0
2023-02-24,102.26552225804424,104.14946737001463,56.183083037991906,4,0,0
2023-02-25,101.76274666932932,108.18677634715664,58.29642482313879,5,1,0
2023-02-26,84.53892532665779,107.62560101435469,56.562767415620094,6,1,0
2023-02-27,90.30682221609551,103.66540381647788,54.18327635067135,0,0,0
2023-02-28,97.16607866115949,106.15364632652278,51.025706588578444,1,0,0
2023-03-01,104.05001851691318,105.54717410709205,42.557199131226234,2,0,0
2023-03-02,89.9305528276388,107.0383348971322,52.49325248536001,3,0,0
2023-03-03,93.28002797705705,102.41459292246482,50.86583202676167,4,0,0
2023-03-04,84.47418362041165,105.75861639099409,50.66798274193362,5,1,0
2023-03-05,83.9629833051981,106.54412910196523,42.41089031834522,6,1,0
2023-03-06,104.42444099640888,100.94924869608158,42.87712676704593,0,0,0
2023-03-07,110.22235876928735,102.13832731418054,53.040554927101375,1,0,0
2023-03-08,96.28730986175012,100.46315442756358,47.07536194582178,2,0,0
2023-03-09,107.37691286295353,104.03822637373771,50.18629906887821,3,0,0
2023-03-10,101.27888938552296,106.04618207590097,46.434681490201626,4,0,0
2023-03-11,91.51911038393986,107.64849530481857,45.96610268972307,5,1,0
2023-03-12,101.87894624975903,104.82327077426663,50.0441873094423,6,1,0
2023-03-13,113.92702029909994,107.96221936795448,42.320450315011776,0,0,0
2023-03-14,98.45712829030246,101.97329056348426,44.94285498709959,1,0,0
2023-03-15,114.71772499397535,101.35382345084327,41.72729870178253,2,0,0
2023-03-16,73.11700756085557,104.67516935497484,41.45860056948953,3,0,0
2023-03-17,107.76403746046738,105.57864599709663,41.694702941209265,4,0,0
2023-03-18,100.63354225829923,104.7679426472779,43.9788365518626,5,1,0
2023-03-19,96.97869264595235,100.7198248870505,40.1211494099716,6,1,0
2023-03-20,101.07984226626056,104.69639948188355,48.460465803187304,0,0,0
2023-03-21,80.46793403700832,102.28417862547008,37.396402494117154,1,0,0
2023-03-22,98.31636797264667,106.24948287592723,40.64463292996509,2,0,0
2023-03-23,104.24191386829598,105.65889143727807,39.11246502137906,3,0,0
2023-03-24,115.59583807031098,103.06002491898903,48.30143408391303,4,0,0
2023-03-25,95.768891381674,103.92466838526443,41.828693797304204,5,1,0
2023-03-26,92.99012590432586,102.84511732671237,45.80906027048903,6,1,0
2023-03-27,96.16992577576669,104.84784942892962,33.051021475708,0,0,0
2023-03-28,110.44311845560298,106.8916737407126,41.668587042414096,1,0,0
2023-03-29,104.66758437214483,103.01663426883515,44.66191872515763,2,0,0
2023-03-30,96.16303742895745,106.00139044443796,40.53185096308966,3,0,0
2023-03-31,106.66369242550601,103.93650546601047,45.38098662837483,4,0,0
2023-04-01,102.56221372426002,103.41350945567956,37.426962922693576,5,1,0
2023-04-02,111.32858552905984,104.78593928009089,47.0467372009279,6,1,0
2023-04-03,94.66282160017994,102.92877047536551,51.50789579129169,0,0,1
2023-04-04,98.43871613163385,103.88972209206099,38.23939195084978,1,0,0
2023-04-05,97.81726407831705,102.59754162822458,37.89291840970868,2,0,0
2023-04-06,87.11748792159872,108.91753662733902,47.48068713262896,3,0,0
2023-04-07,104.71968241908677,105.05191620365359,48.231196441721366,4,0,0
2023-04-08,104.36669740331824,103.5737566074908,37.86452320512652,5,1,0
2023-04-09,101.79704488566311,105.39150419195872,38.548903487666564,6,1,0
2023-04-10,99.38218834045624,104.72774612055615,39.43699687044381,0,0,1
2023-04-11,87.54917354426722,104.4978452925773,34.34429210697298,1,0,0
2023-04-12,97.46421409414219,106.15402834517123,36.717860580328946,2,0,1
2023-04-13,98.20457142689507,106.42515319836177,36.55828731701155,3,0,0
2023-04-14,93.56355844688551,103.83211533125872,38.03045117969403,4,0,0
2023-04-15,99.92196052283393,103.72300307961976,42.00826073838579,5,1,0
2023-04-16,105.51799544643129,104.30460569282697,43.68596618097159,6,1,0
2023-04-17,120.27651255225236,100.22948981399493,50.62067015776442,0,0,0
2023-04-18,103.09241412683363,101.7801329748209,38.2487933548585,1,0,0
2023-04-19,103.84926000939556,107.52001328765712,48.55269369903403,2,0,0
2023-04-20,100.45187980180255,108.05052375655613,42.96873092418021,3,0,0
2023-04-21,81.92700056741128,104.23542140080127,44.2149325541325,4,0,0
2023-04-22,100.76406960214186,105.85810220292342,48.274771416931664,5,1,0
2023-04-23,101.54246153900758,105.29758152251415,39.739158171750816,6,1,0
2023-04-24,125.48032304174626,110.80154281753698,47.72937072316461,0,0,0
2023-04-25,98.8291642392691,106.8502473871782,47.12535065061461,1,0,0
2023-04-26,103.67058879635701,104.3212048596653,49.24105190205584,2,0,0
2023-04-27,100.20815039688873,102.63053790188293,48.71898093464416,3,0,0
2023-04-28,88.76679486015657,101.29195169899694,60.051291359991325,4,0,0
2023-04-29,111.7786093691362,104.87365494066226,45.09370954783066,5,1,0
2023-04-30,107.765361813775,102.91457863769745,46.13964842243768,6,1,0
2023-05-01,108.05119170037408,101.54200605180186,46.194385923832925,0,0,0
2023-05-02,90.94137565265434,103.05129407513998,47.050007995144846,1,0,0
2023-05-03,113.95745556597849,102.13797577483872,47.158225753164494,2,0,0
2023-05-04,85.80549550537567,107.63070547806689,56.80708645434396,3,0,0
2023-05-05,105.5876491488173,105.97378393851295,58.479056385820954,4,0,1
2023-05-06,121.51963153969236,104.14738683080279,49.033644485781785,5,1,0
2023-05-07,89.60698006666357,107.07480760724833,48.231378777354436,6,1,0
2023-05-08,93.74825014424015,104.2200171126879,55.249598977297694,0,0,0
2023-05-09,100.30858533630364,102.29186200453789,50.62301557693185,1,0,0
2023-05-10,94.18046223521942,107.00863236429477,57.03132651819175,2,0,0
2023-05-11,83.61437558164096,104.98697749970947,55.35345249543208,3,0,1
2023-05-12,99.71541418794425,101.78027356532199,47.220654204611705,4,0,0
2023-05-13,88.31884268855346,103.41854844455568,62.98457088464039,5,1,0
2023-05-14,103.59355553694007,101.991317234086,64.66003583278916,6,1,0
2023-05-15,89.58312904147238,100.91916711799301,53.03507659157879,0,0,0
2023-05-16,114.20077439132032,105.47823663078017,54.56253313700753,1,0,0
2023-05-17,90.79760233969232,107.38474943409324,58.3149592670573,2,0,0
2023-05-18,95.34319503342583,100.70775315139247,58.92404702136889,3,0,0
2023-05-19,106.63794802631726,104.56875463009753,60.89117296480994,4,0,0
2023-05-20,86.13870623757252,102.07843308248012,67.97579111334265,5,1,1
2023-05-21,100.6724435974736,102.34136252367458,57.345102521466316,6,1,0
2023-05-22,111.42599738261266,102.06573261986598,54.521358193151244,0,0,0
2023-05-23,82.24299908306851,101.45647760731481,51.876430801921785,1,0,0
2023-05-24,100.13426848358773,103.21449226518332,55.3550384793146,2,0,0
2023-05-25,100.8639894879329,101.38760978917828,59.05656026424912,3,0,0
2023-05-26,106.06804660303895,103.52157607890581,68.3827658712127,4,0,0
2023-05-27,85.87267834666982,102.81045051970557,56.9844730103553,5,1,0
2023-05-28,85.03797949350944,102.36242763992296,60.82835793245501,6,1,0
2023-05-29,103.47059005848217,100.95374712471947,59.73816107617054,0,0,0
2023-05-30,101.23818898897234,101.54305751135932,65.84677080711606,1,0,0
2023-05-31,100.79924243375049,104.13430489064655,72.59744032878837,2,0,0
2023-06-01,101.79383035936903,103.55149739719944,57.3396975409091,3,0,0
2023-06-02,91.57345080896579,100.5199334383208,57.55131302781738,4,0,0
2023-06-03,100.75014670395191,102.59835200065739,65.19697710835783,5,1,0
2023-06-04,101.42204823110325,103.82639010696242,63.33654618911209,6,1,0
2023-06-05,91.4215586817387,98.90804144259306,69.0849265188489,0,0,0
2023-06-06,117.30682974780125,103.25613908034767,62.66892004844805,1,0,0
2023-06-07,103.48190796301975,100.76609148598614,57.82456974450071,2,0,0
2023-06-08,86.93573314829297,103.15383353088615,62.42026111328961,3,0,0
2023-06-09,105.5303945578325,100.40681540162205,64.83108030416756,4,0,0
2023-06-10,89.34523153333649,98.2436909938963,63.18564847215436,5,1,0
2023-06-11,107.10137443754942,98.51793955944635,61.39093041206859,6,1,0
2023-06-12,110.96643817381566,101.78823529249112,63.93551701208077,0,0,0
2023-06-13,91.33526272992894,102.13004721243543,64.17314217910044,1,0,0
2023-06-14,109.34926819914952,99.72002588658995,64.93965576957646,2,0,1
2023-06-15,104.02871462827066,102.72344551523759,60.95308118589801,3,0,0
2023-06-16,108.31903483603097,98.04039101790954,56.533942758259094,4,0,0
2023-06-17,119.27616419961412,101.1480358529931,57.7433450302281,5,1,0
2023-06-18,98.07656321703223,98.77454592191287,62.663771414949736,6,1,0
2023-06-19,93.22782889311489,99.80893245417725,52.15021966365116,0,0,0
2023-06-20,92.11744744047553,101.12309685806251,57.66522002157222,1,0,0
2023-06-21,93.11465552872683,99.22286124669668,53.42650628335519,2,0,1
2023-06-22,100.77477521111544,100.08968417699673,55.0938119705099,3,0,0
2023-06-23,105.2433064832834,102.78623229238029,60.88596332270809,4,0,0
2023-06-24,104.8977341906778,99.53448383388954,54.9807677274992,5,1,0
2023-06-25,110.71481896680199,102.2740676254069,53.7782316112061,6,1,0
2023-06-26,102.89835347967667,98.2575059496266,46.25803756869794,0,0,0
2023-06-27,117.6422693701841,101.49061025523366,56.291658730711575,1,0,0
2023-06-28,100.81224952536493,103.22809296333742,55.28401993656474,2,0,0
2023-06-29,131.02573435962617,95.31551776416647,62.363566964430106,3,0,0
2023-06-30,110.45930799986512,98.5787901839076,49.494948143118684,4,0,0
2023-07-01,96.0230402338402,101.24044745888803,51.613365167161795,5,1,0
2023-07-02,94.29107501938887,99.59390922791401,51.24691841855378,6,1,0
2023-07-03,110.24351577461071,100.65598854221568,57.36965286997528,0,0,0
2023-07-04,103.6163583173082,98.61944893171983,48.48968302018154,1,0,0
2023-07-05,113.43657510717838,99.91437281052475,49.84781428094888,2,0,0
2023-07-06,111.48789740018324,99.34368980719422,50.98288351772332,3,0,0
2023-07-07,106.49951859292135,101.90456222391651,48.37265471520631,4,0,0
2023-07-08,99.2454523252685,99.99192202766058,44.71051365364983,5,1,0
2023-07-09,93.06374499881387,100.07252192287379,47.424401094066184,6,1,0
2023-07-10,104.25908327011399,98.48797849481922,51.34288636189919,0,0,0
2023-07-11,117.81335709593412,98.25114087790361,40.37371949327308,1,0,0
2023-07-12,111.92848798831677,98.27608835890437,45.714760514898565,2,0,0
2023-07-13,97.88130465719537,99.84521630749201,41.10619558031214,3,0,0
2023-07-14,112.63451088535248,98.12973152292979,50.15337966741651,4,0,0
2023-07-15,115.33265004826384,99.46694504401125,36.149167457493796,5,1,0
2023-07-16,103.23033155351115,102.9542232758531,40.57416418123411,6,1,1
2023-07-17,114.20812279516726,100.46205395657564,44.87628277726111,0,0,0
2023-07-18,113.86733360735927,97.98452179321686,50.45808698632833,1,0,0
2023-07-19,102.48219139158843,100.95616724664505,41.961716946685264,2,0,0
2023-07-20,118.12854534535398,97.65519011715813,39.19514155214518,3,0,0
2023-07-21,120.80927183646902,94.31314872065184,51.07912112033089,4,0,0
2023-07-22,126.69451129901088,96.29176197899683,34.157786933783775,5,1,0
2023-07-23,127.0762412281662,94.48539172273561,30.151409960367495,6,1,1
2023-07-24,103.44722268790693,97.44351783669205,43.116834684099125,0,0,0
2023-07-25,108.54265202838691,98.10350304367202,38.20216647698392,1,0,0
2023-07-26,123.77934057262584,101.34023843085073,35.42684895451837,2,0,0
2023-07-27,124.48583386741954,98.56251574365051,43.92075203806076,3,0,0
2023-07-28,125.2281329279856,97.39238024679447,41.46972444703776,4,0,0
2023-07-29,159.3451350212968,99.41195915753117,37.32821695614762,5,1,0
2023-07-30,127.27715168197119,93.25411352176539,33.67138926566499,6,1,0
2023-07-31,133.68436503524677,98.0715417264182,44.38611391838825,0,0,0
2023-08-01,132.63899038495748,99.06668645985603,43.25249564938481,1,0,0
2023-08-02,130.3927113269078,94.49316448648963,39.51007927559239,2,0,0
2023-08-03,121.51524785751465,99.66398564741883,49.270406780818064,3,0,1
2023-08-04,133.05583665937536,97.98039264249283,34.7447717284936,4,0,0
2023-08-05,118.54490027891552,96.40054972339574,32.552098588842,5,1,0
2023-08-06,124.72051340310595,98.42523999855679,36.831041476333255,6,1,0
2023-08-07,123.0588796474893,101.63045897700495,40.19954041268636,0,0,1
2023-08-08,129.56306477363458,97.38307008277086,41.80672069298969,1,0,1
2023-08-09,152.73042853086508,97.4469311506003,39.57162458210025,2,0,0
2023-08-10,111.75813511520434,95.96382919162585,42.75058830354729,3,0,0
2023-08-11,138.14746629945893,95.11585211439598,34.96927593705336,4,0,0
2023-08-12,116.01861991910066,98.41015116474478,48.705978604522784,5,1,0
2023-08-13,128.2939102089226,94.97221905697829,41.3594054491006,6,1,0
2023-08-14,144.77641581114617,96.76341425371501,47.66171073842974,0,0,0
2023-08-15,135.4093123073115,95.60186894975338,44.115175130442736,1,0,0
2023-08-16,124.8742745041016,97.45307135246203,45.03200302433515,2,0,0
2023-08-17,129.38918608254295,97.10140805742091,45.96320408772824,3,0,0
2023-08-18,144.23367156675542,98.44919835279892,45.73750186339913,4,0,0
2023-08-19,131.0341446270786,95.29520062236882,47.114593755337,5,1,0
2023-08-20,141.40683251102337,95.71769638855775,50.965115183350605,6,1,0
2023-08-21,140.6063894336439,94.24324676771249,45.73556097051728,0,0,0
2023-08-22,134.54674799679285,95.25664760587289,48.745644008344705,1,0,0
2023-08-23,163.4175936426984,96.84544357374955,45.21248413738828,2,0,0
2023-08-24,149.2357276808802,97.55159302353525,53.33391864783317,3,0,1
2023-08-25,123.56614032434565,94.14123894445034,43.233907691366944,4,0,0
2023-08-26,146.60544091763245,97.67393134281866,56.1121809691884,5,1,0
2023-08-27,139.04832482413272,98.59635638814163,47.406053603902706,6,1,0
2023-08-28,155.11743060757678,96.66353769301138,40.958748534880606,0,0,0
2023-08-29,139.5960686286854,99.54308720050207,49.263986928682264,1,0,0
2023-08-30,147.3030153450031,94.19599939387109,45.7327379138194,2,0,0
2023-08-31,154.42993469697151,93.20961881130965,53.85805635524654,3,0,1
2023-09-01,158.96752741702824,92.09811965856642,46.90948651254193,4,0,0
2023-09-02,139.23680925828694,98.60557515198116,48.45899427796935,5,1,1
2023-09-03,148.82409605157468,96.88145118444207,41.75766314782558,6,1,0
2023-09-04,148.3481808596292,95.42210298925127,49.45605893466739,0,0,0
2023-09-05,147.4917114820433,96.05509291312755,40.105812706418355,1,0,1
2023-09-06,172.60541489235652,93.20740312231949,44.807348167466316,2,0,0
2023-09-07,159.92471270241066,100.31446391660683,57.023277698706394,3,0,0
2023-09-08,144.18789038768588,95.6473447996414,57.63591118370484,4,0,0
2023-09-09,166.89465325557302,95.57500838858329,56.30996581668048,5,1,0
2023-09-10,179.85402910203135,96.77645203437031,49.81235100479163,6,1,0
2023-09-11,169.870344478629,96.25703018666155,54.86076926319146,0,0,0
2023-09-12,145.26167240152088,95.71427456864423,55.51973620215249,1,0,0
2023-09-13,156.51883339563685,93.6584627595558,50.16950140872954,2,0,0
2023-09-14,174.93187858304512,96.15667196150392,63.88590980218464,3,0,0
2023-09-15,156.08312815551423,98.95353389373206,61.1462478943259,4,0,0
2023-09-16,168.49021045897197,97.85750794884386,56.02701143715765,5,1,0
2023-09-17,172.68536587411776,98.33166416614853,57.61953667668367,6,1,0
2023-09-18,156.55122720942745,94.10292908622851,58.860228864418055,0,0,0
2023-09-19,166.1009676883738,93.12767273300307,47.92188665266387,1,0,1
2023-09-20,135.15310912553798,94.83828838153354,57.18512193662513,2,0,0
2023-09-21,158.18503266669464,95.18575487949302,55.278958447261076,3,0,0
2023-09-22,166.75961703325734,97.24859854529817,53.925355288381056,4,0,0
2023-09-23,157.65682126115263,91.66266852063255,57.74857862082389,5,1,0
2023-09-24,187.3007925893241,98.09555626843095,68.33859506110176,6,1,1
2023-09-25,157.50967595685808,94.71077657936607,62.72539096544219,0,0,0
2023-09-26,168.23715566059204,94.16484876039503,56.81076933801821,1,0,0
2023-09-27,174.76333987907753,92.98770488797344,62.64914915974035,2,0,0
2023-09-28,188.6785510277723,91.69698924286618,66.87634616621747,3,0,0
2023-09-29,160.70836443746552,96.64932046516847,64.56958366151578,4,0,0
2023-09-30,187.49081423632725,95.14738081417255,60.28474667640543,5,1,0
2023-10-01,176.74446623392683,92.42007820051789,56.76531611147213,6,1,0
2023-10-02,167.6005275444759,92.41058733566851,63.477711394872514,0,0,0
2023-10-03,182.8004044853568,94.33140989866439,61.913842174060676,1,0,0
2023-10-04,180.92376389489002,98.34474563717652,64.35553508342612,2,0,0
2023-10-05,173.67460780066335,94.49273093576656,62.962094261369394,3,0,0
2023-10-06,181.10799724936155,92.01232499405366,64.91442786352886,4,0,1
2023-10-07,177.2794151880494,94.53530624835216,56.8450006013043,5,1,0
2023-10-08,182.97946615500095,94.4910084900144,65.93713275502577,6,1,1
2023-10-09,189.16630690302753,89.65382449417905,60.142078108715666,0,0,0
2023-10-10,199.09464820193173,94.95162577532064,69.30975970098196,1,0,0
2023-10-11,171.5343914066683,94.61243599449827,55.24294059680223,2,0,0
2023-10-12,205.9093546635185,96.48227495135968,67.10082786505436,3,0,0
2023-10-13,165.71285507790213,98.80479456341091,59.12011491209856,4,0,0
2023-10-14,184.35866926483538,97.3784904981864,54.56122480660806,5,1,0
2023-10-15,192.39039975391833,94.60751353176008,55.065678311439406,6,1,0
2023-10-16,189.9356276159052,92.95361603905056,55.530095765334366,0,0,0
2023-10-17,181.5048304053224,100.3362045072817,58.88026617345712,1,0,0
2023-10-18,186.24422510916926,95.3321721152609,58.98309573352639,2,0,0
2023-10-19,183.97644392441183,95.26727025427232,53.092824834999355,3,0,0
2023-10-20,183.5810817713005,95.21825634586597,55.41597593630041,4,0,0
2023-10-21,198.526192088167,95.69118124472382,65.81067783696068,5,1,0
2023-10-22,194.14283736201764,95.03619796272504,63.28494757094124,6,1,0
2023-10-23,184.17308010925274,94.20889478561303,56.364296356125806,0,0,1
2023-10-24,200.61457184542306,94.29518455321016,53.89692778129167,1,0,0
2023-10-25,195.19479887301918,95.35745341694117,53.821361051576204,2,0,0
2023-10-26,200.74042787033864,94.3715316746487,55.79445214854701,3,0,1
2023-10-27,199.3848183313867,94.06946409513358,47.111246513571125,4,0,0
2023-10-28,185.26197991599344,95.74613278645597,50.43070784379604,5,1,0
2023-10-29,188.4001622209582,95.06276543689224,42.86244643316528,6,1,0
2023-10-30,201.91156831280344,98.62147250616816,52.686027057069644,0,0,0
2023-10-31,200.9655951233046,90.35362053958893,53.40858610756758,1,0,0
2023-11-01,195.06272981590075,97.88194192177741,47.23890629880604,2,0,0
2023-11-02,196.8414674524038,98.2357481770735,57.00793001764396,3,0,0
2023-11-03,208.8278955028103,91.64271511056964,42.49463653911661,4,0,0
2023-11-04,190.50521010822737,95.15129269840328,40.79074964442174,5,1,1
2023-11-05,202.24822821673837,95.14219893854013,48.72910244992428,6,1,0
2023-11-06,195.0983486241581,93.1196961131717,52.34297031769509,0,0,0
2023-11-07,195.27322049531801,94.42993621762383,55.03550765895265,1,0,0
2023-11-08,208.75435025419202,93.81646409931288,43.8389112562411,2,0,0
2023-11-09,206.3241503049453,99.5953834745071,51.0545667759809,3,0,0
2023-11-10,206.49541698765063,98.01659091232003,45.00808287289859,4,0,0
2023-11-11,211.69245286401969,98.74388438926542,43.889818622305825,5,1,0
2023-11-12,199.11214805419078,97.70079038723097,48.73765222012179,6,1,0
2023-11-13,205.97328385238598,94.05712987764386,47.162594348066364,0,0,0
2023-11-14,196.29003828787222,95.32507793172357,35.61699827839132,1,0,0
2023-11-15,202.8607443713465,97.41283296930285,50.4970694351967,2,0,0
2023-11-16,198.53157307028263,94.05085608318535,49.6486936993035,3,0,0
2023-11-17,201.0045666503941,97.98318070362839,39.273734891006555,4,0,0
2023-11-18,206.17560236307736,96.13963098295996,44.05424924767614,5,1,0
2023-11-19,192.21922137303716,95.93474509369683,44.240312272477134,6,1,0
2023-11-20,221.4908253779016,98.17139946806326,42.79052441327602,0,0,0
2023-11-21,190.66059682975649,97.70406747629764,38.47544728877848,1,0,0
2023-11-22,188.72116928525978,96.16061865906818,37.63219448128555,2,0,0
2023-11-23,212.57509652940414,99.26914958472814,40.65003451642467,3,0,0
2023-11-24,209.03038320669884,94.85721091745407,46.45366854267305,4,0,0
2023-11-25,207.46375496413435,98.32094447528468,43.145471267436,5,1,0
2023-11-26,207.60404778174689,98.34587878228099,38.43751016530895,6,1,0
2023-11-27,201.28560675644144,96.61203267256936,44.03821799670742,0,0,0
2023-11-28,192.51267607270373,97.95566587198823,25.852482456973988,1,0,0
2023-11-29,202.31029871481078,94.87425040823436,45.781050302440256,2,0,0
2023-11-30,194.83778872030211,99.29839101646313,31.307389700598804,3,0,0
2023-12-01,211.40811316766312,97.15515179919612,38.18928505257585,4,0,1
2023-12-02,200.22445371450348,96.554866569163,34.42547780385681,5,1,0
2023-12-03,193.46901965842926,99.77440259145493,33.59950388041493,6,1,1
2023-12-04,198.53020654254271,96.34446061407868,45.952744046723865,0,0,0
2023-12-05,205.88482486564521,95.01365871168508,37.91221487162231,1,0,0
2023-12-06,196.12135076891283,94.79540264907436,42.11148921021758,2,0,0
2023-12-07,193.5313931086412,99.19938370899143,40.29841014577602,3,0,0
2023-12-08,204.1776643429969,95.50580758030034,43.09764173486259,4,0,0
2023-12-09,204.17013233513714,101.6561331687434,41.30087188913374,5,1,0
2023-12-10,196.6234783759957,94.06311674901988,34.73047862252505,6,1,0
2023-12-11,196.94803441373014,101.70084733741172,46.3791905331007,0,0,0
2023-12-12,203.9377873929141,98.81143272541279,39.20455285732137,1,0,0
2023-12-13,187.08898218678755,98.27791463946045,34.18822969231243,2,0,0
2023-12-14,187.44170054263526,97.46390122869926,40.149892447220644,3,0,0
2023-12-15,194.2726959688684,99.43484108625667,50.134265793328176,4,0,0
2023-12-16,199.2580697074418,98.64453514486257,47.24133211250597,5,1,0
2023-12-17,204.4319426276,101.01002544259526,41.62551274555274,6,1,0
2023-12-18,216.002000551456,99.1158506275425,42.01881345982053,0,0,0
2023-12-19,209.7461778341603,99.27230400749407,42.56997126670537,1,0,0
2023-12-20,199.48724044761306,98.3290875983077,54.990539572812224,2,0,1
2023-12-21,200.80974060124493,99.02731348710148,46.95958940532196,3,0,0
2023-12-22,190.88445314325483,99.84195686383272,47.65650422628372,4,0,0
2023-12-23,200.63136340509152,95.8913956417509,51.12614488275955,5,1,0
2023-12-24,197.83389898246133,96.70094575451195,47.647896924707204,6,1,0
2023-12-25,203.84924482665903,100.96960852910358,45.64747099729897,0,0,0
2023-12-26,192.24924911816436,99.91072897685278,46.45785985399963,1,0,0
2023-12-27,205.61279212982745,99.28707760527301,47.585394672070336,2,0,0
2023-12-28,215.64309843935615,99.77806110170974,48.26659546954799,3,0,1
2023-12-29,199.1234497489398,100.52258271587479,52.604308400301186,4,0,0
2023-12-30,204.12281639246842,98.83417743485434,49.74211590019441,5,1,0
2023-12-31,206.90143991711113,98.44339054919537,53.66320038607789,6,1,0
